{"stats":{"minecraft:custom":{"minecraft:time_since_rest":5516,"minecraft:crouch_one_cm":1564,"minecraft:play_time":5516,"minecraft:sprint_one_cm":19074,"minecraft:damage_taken":143,"minecraft:walk_one_cm":6500,"minecraft:sneak_time":1118,"minecraft:jump":163,"minecraft:damage_dealt":192,"minecraft:leave_game":1,"minecraft:time_since_death":5516,"minecraft:total_world_time":5516,"minecraft:fall_one_cm":5157,"minecraft:fly_one_cm":33278,"minecraft:player_kills":1},"minecraft:mined":{"minecraft:large_fern":4,"minecraft:grass_block":1,"minecraft:spruce_leaves":4,"minecraft:spruce_log":15},"minecraft:picked_up":{"minecraft:stick":1,"minecraft:wheat_seeds":1,"minecraft:spruce_log":15,"minecraft:dirt":1,"minecraft:egg":1},"minecraft:crafted":{"minecraft:crafting_table":1,"minecraft:spruce_planks":60},"minecraft:used":{"minecraft:dirt":1,"minecraft:spruce_planks":1,"minecraft:egg":1}},"DataVersion":3465}