{"stats":{"minecraft:custom":{"minecraft:jump":132,"minecraft:time_since_rest":1700,"minecraft:damage_dealt":143,"minecraft:deaths":2,"minecraft:leave_game":2,"minecraft:play_time":19552,"minecraft:sprint_one_cm":20717,"minecraft:damage_taken":757,"minecraft:time_since_death":1669,"minecraft:walk_one_cm":18780,"minecraft:total_world_time":19552,"minecraft:fall_one_cm":7095,"minecraft:fly_one_cm":28110},"minecraft:killed_by":{"minecraft:player":1,"minecraft:skeleton":1},"minecraft:mined":{"minecraft:spruce_leaves":1,"minecraft:spruce_log":6},"minecraft:picked_up":{"minecraft:spruce_log":6,"minecraft:sugar_cane":2}},"DataVersion":3465}